Year;Month;Temperature;Precipitation
1864;1;NA;37.9
1864;2;NA;22.7
1864;3;NA;62.7
1864;4;NA;138.4
1864;5;NA;144.6
1864;6;NA;193.7
1864;7;NA;145.9
1864;8;NA;68.9
1864;9;NA;99.8
1864;10;NA;31.2
1864;11;NA;68.9
1864;12;NA;4.2
1865;1;NA;66.5
1865;2;NA;73.1
1865;3;NA;71
1865;4;NA;1
1865;5;NA;86.4
1865;6;NA;55.2
1865;7;NA;163.5
1865;8;NA;212.4
1865;9;NA;0
1865;10;NA;75.6
1865;11;NA;90.8
1865;12;NA;10.5
1866;1;NA;28.7
1866;2;NA;126.6
1866;3;NA;145.2
1866;4;NA;99.7
1866;5;NA;117.5
1866;6;NA;77.7
1866;7;NA;81.8
1866;8;NA;278.3
1866;9;NA;102.8
1866;10;NA;29.2
1866;11;NA;90.8
1866;12;NA;80.5
1867;1;NA;173
1867;2;NA;66.9
1867;3;NA;119
1867;4;NA;121.1
1867;5;NA;179.6
1867;6;NA;157.2
1867;7;NA;68.8
1867;8;NA;128
1867;9;NA;131.8
1867;10;NA;187.5
1867;11;NA;31.3
1867;12;NA;66.9
1868;1;NA;42
1868;2;NA;15.4
1868;3;NA;91.9
1868;4;NA;86.5
1868;5;NA;30.1
1868;6;NA;117.9
1868;7;NA;167.2
1868;8;NA;96
1868;9;NA;91.9
1868;10;NA;176.4
1868;11;NA;29.2
1868;12;NA;161.1
1869;1;NA;47.1
1869;2;NA;38.1
1869;3;NA;75.2
1869;4;NA;68.2
1869;5;NA;120.4
1869;6;NA;80.5
1869;7;NA;105.9
1869;8;NA;236.6
1869;9;NA;93.9
1869;10;NA;83.7
1869;11;NA;88.7
1869;12;NA;43.9
1870;1;NA;19.5
1870;2;NA;29.9
1870;3;NA;57.4
1870;4;NA;49.9
1870;5;NA;61.2
1870;6;NA;61.8
1870;7;NA;70.6
1870;8;NA;138.7
1870;9;NA;69.9
1870;10;NA;194.5
1870;11;NA;49
1870;12;NA;84.7
1871;1;-5;44
1871;2;1.6;34
1871;3;4.2;68.9
1871;4;9.2;106.9
1871;5;12.2;45.6
1871;6;13;151.6
1871;7;18.5;129.1
1871;8;17;107.7
1871;9;15.5;54.9
1871;10;6.4;109.9
1871;11;-0.4;64.7
1871;12;-6.7;20.9
1872;1;0.2;46.1
1872;2;0.8;43.2
1872;3;5.5;47
1872;4;9.2;58
1872;5;11.5;155.3
1872;6;15.1;181.5
1872;7;18.3;151.4
1872;8;15;239.6
1872;9;13.7;71.9
1872;10;9.3;105.8
1872;11;5.4;72
1872;12;2.4;101.5
1873;1;1.3;38.9
1873;2;-0.1;31.9
1873;3;5.9;98.2
1873;4;6.6;172
1873;5;10.2;134.9
1873;6;16;141.3
1873;7;19.5;133.8
1873;8;18;195.9
1873;9;12.9;84.9
1873;10;8.8;138.1
1873;11;3.7;45.9
1873;12;-1.2;20.9
1874;1;-0.5;16.4
1874;2;-0.2;31.9
1874;3;3.2;45.9
1874;4;10.1;76.3
1874;5;8.9;164.1
1874;6;16.6;132.9
1874;7;19.6;228.6
1874;8;15.2;120.3
1874;9;14.8;42.9
1874;10;8.9;30.2
1874;11;1.1;96
1874;12;-2.6;91
1875;1;1.8;94.2
1875;2;-3.4;32.9
1875;3;1.8;48
1875;4;8.3;14.2
1875;5;14.5;101
1875;6;16.5;256.4
1875;7;16.5;128.2
1875;8;18.3;79.5
1875;9;14.7;94.8
1875;10;7.1;160.3
1875;11;3.2;113.7
1875;12;-2.7;28.2
1876;1;-2.8;37.9
1876;2;1.2;78.2
1876;3;3.7;216.2
1876;4;7.8;145.5
1876;5;8.9;129.1
1876;6;15.4;223.6
1876;7;18.2;118.9
1876;8;17.1;132.9
1876;9;12.1;141.8
1876;10;10.5;23.2
1876;11;3;86.6
1876;12;3.4;65.9
1877;1;3.1;49.1
1877;2;3.2;87.5
1877;3;2.3;108.6
1877;4;7.7;131.3
1877;5;9.9;140.8
1877;6;18.4;91.7
1877;7;16.8;195.1
1877;8;17.6;163.9
1877;9;11;78.9
1877;10;6.5;66.5
1877;11;5.1;97
1877;12;0.6;94.1
1878;1;-2.2;78.8
1878;2;1;19.6
1878;3;2.8;78.3
1878;4;8.5;92.6
1878;5;14;106.8
1878;6;15.2;197.4
1878;7;16.6;158.9
1878;8;16.3;150.3
1878;9;13.1;134.8
1878;10;9.2;95.7
1878;11;1.9;50.1
1878;12;-2.4;126.6
1879;1;-1.2;61.4
1879;2;1.5;111.2
1879;3;3.7;16.7
1879;4;6;142.5
1879;5;8.3;138.8
1879;6;15.9;139.4
1879;7;14.9;159.8
1879;8;17.7;193
1879;9;13;124.8
1879;10;6.5;83.7
1879;11;-0.1;108.5
1879;12;-7.5;35.6
1880;1;-5.1;23.5
1880;2;0.8;42.2
1880;3;6.5;25.1
1880;4;8.4;149.6
1880;5;11.1;72.8
1880;6;14.7;118.8
1880;7;18.8;171
1880;8;15.6;211.6
1880;9;13.7;89.1
1880;10;8.2;214.1
1880;11;4.3;36.4
1880;12;4.4;63
1881;1;-3.3;37.3
1881;2;1.7;35.5
1881;3;4.8;71.2
1881;4;7.1;110.9
1881;5;11.4;90.9
1881;6;14.8;205.2
1881;7;19.8;124.1
1881;8;16.7;209.4
1881;9;11.8;187.4
1881;10;5.1;76.5
1881;11;4.2;13.7
1881;12;-0.2;35
1882;1;-1.3;17.1
1882;2;0.1;22
1882;3;5.4;34.4
1882;4;8;72.6
1882;5;12.7;113.7
1882;6;14.6;249
1882;7;15.7;144.8
1882;8;14.7;98.6
1882;9;11.5;247.6
1882;10;9;157.1
1882;11;4.7;136.2
1882;12;0.8;81.5
1883;1;0.5;31.4
1883;2;2.7;52.8
1883;3;0.2;47.6
1883;4;7.6;47.3
1883;5;12.6;126.6
1883;6;14.9;175.8
1883;7;16.1;229.7
1883;8;15.7;86.2
1883;9;12.8;116.8
1883;10;7.1;79
1883;11;4.1;101.1
1883;12;0.2;44.3
1884;1;1.9;24.7
1884;2;2.1;81.2
1884;3;5.1;22.6
1884;4;7.4;74
1884;5;13.4;88.8
1884;6;12.8;159.2
1884;7;17.9;157.2
1884;8;17.2;115
1884;9;13.4;76.7
1884;10;7.8;52.9
1884;11;1.9;27.3
1884;12;0.5;84.8
1885;1;-4;10.4
1885;2;3.1;92
1885;3;3.6;66.3
1885;4;9.1;61.4
1885;5;10;156.3
1885;6;17.3;26.7
1885;7;18.5;67.5
1885;8;16.1;108
1885;9;12.4;152.7
1885;10;6.8;148.5
1885;11;4;55.4
1885;12;0.1;110.3
1886;1;-1.7;47
1886;2;-2.1;52.9
1886;3;2;59.2
1886;4;9;130.9
1886;5;12.7;71.4
1886;6;14.1;202.2
1886;7;17.7;144.8
1886;8;16.4;230.3
1886;9;14.8;104.6
1886;10;9.2;90.7
1886;11;4.1;95.3
1886;12;0.7;99.4
1887;1;-3.8;4.7
1887;2;-1.8;7.7
1887;3;0.4;134
1887;4;7.4;69.4
1887;5;10;171.1
1887;6;16.9;62.9
1887;7;19.2;86.8
1887;8;16.1;156.1
1887;9;11.8;120.8
1887;10;4.8;47.9
1887;11;2.3;35.2
1887;12;-0.8;107.1
1888;1;-2.4;14
1888;2;-1.1;67.3
1888;3;2.5;72.3
1888;4;6.3;142.2
1888;5;13.6;74.1
1888;6;16;133.1
1888;7;15.2;228.8
1888;8;15.1;197.4
1888;9;13;224.3
1888;10;5.1;85.9
1888;11;3.9;32.9
1888;12;-0.9;15.1
1889;1;-2.3;14
1889;2;-1.3;74.2
1889;3;0.8;61.8
1889;4;7;66.9
1889;5;13.9;91
1889;6;17;164.1
1889;7;16.6;166.8
1889;8;15.4;106.9
1889;9;11.4;106.9
1889;10;7.4;142.2
1889;11;2.8;71.3
1889;12;-2.8;25.9
1890;1;0.4;53.6
1890;2;-2.8;4.8
1890;3;3.4;30.6
1890;4;7.4;96.4
1890;5;13.7;111.2
1890;6;14.8;125.4
1890;7;15.6;137.7
1890;8;15.9;283.2
1890;9;11.8;37.2
1890;10;6.2;88.9
1890;11;3.2;50.7
1890;12;-4.7;17.3
1891;1;-5.8;24.7
1891;2;-3.1;10.6
1891;3;2.5;112
1891;4;5.5;103.2
1891;5;12.1;151
1891;6;15.8;98.8
1891;7;16;240.6
1891;8;14.9;124.9
1891;9;12.9;118.8
1891;10;8.5;85
1891;11;2.4;88.5
1891;12;0.5;65.8
1892;1;-1.6;80.4
1892;2;1.3;48.9
1892;3;0.6;38.1
1892;4;7.6;97.4
1892;5;12.3;61.3
1892;6;15.8;176.6
1892;7;16.4;201.7
1892;8;17.3;109.7
1892;9;13.2;187.1
1892;10;7.5;124.1
1892;11;5.7;60.2
1892;12;-1.5;34.5
1893;1;-5.2;41.7
1893;2;2;42.2
1893;3;4.8;31.1
1893;4;11.2;0.2
1893;5;12.2;159.3
1893;6;15.8;130.2
1893;7;16.9;173.1
1893;8;17.2;33
1893;9;13.1;107.7
1893;10;9.3;89.8
1893;11;2.6;110.7
1893;12;-0.9;34.9
1894;1;-2.4;26.6
1894;2;0.7;59.6
1894;3;4.3;49.9
1894;4;9.9;76.4
1894;5;11.6;124.6
1894;6;15.1;79.3
1894;7;17.5;155.2
1894;8;15.7;143.5
1894;9;11.7;161.8
1894;10;8.4;93.4
1894;11;3.9;34.5
1894;12;-0.8;30.2
1895;1;-4.3;66.1
1895;2;-6.8;36.7
1895;3;1.6;98.1
1895;4;9;81.9
1895;5;12;110.6
1895;6;15.7;127.4
1895;7;17.7;93
1895;8;16.1;188.5
1895;9;15.4;18.1
1895;10;7.5;102.8
1895;11;5.9;68
1895;12;1.9;93
1896;1;-1.3;15.3
1896;2;-1.3;12.1
1896;3;6.2;137.6
1896;4;5.9;168.3
1896;5;10.6;145.1
1896;6;15.7;119.5
1896;7;17.5;177.4
1896;8;13.9;164.3
1896;9;12.5;198.7
1896;10;7;123.5
1896;11;2;62.8
1896;12;0.3;38.1
1897;1;-1.6;41
1897;2;3.7;134.7
1897;3;6.5;76
1897;4;8;143.1
1897;5;10.4;128.5
1897;6;17.3;134.7
1897;7;17.6;137.6
1897;8;16.5;206.7
1897;9;11.7;258.7
1897;10;6.8;19.6
1897;11;2.8;15.7
1897;12;-0.3;29.8
1898;1;0.7;12.2
1898;2;1;85.6
1898;3;3.3;45.3
1898;4;8.5;92.9
1898;5;11.6;187.8
1898;6;14.5;192.7
1898;7;16.2;115.4
1898;8;17.8;87.4
1898;9;14;60.5
1898;10;9.7;132.2
1898;11;5;104.3
1898;12;0.3;47.1
1899;1;1.8;76.3
1899;2;2.1;28.4
1899;3;4;38.2
1899;4;7.9;139.9
1899;5;11.9;136.2
1899;6;15.8;77.3
1899;7;17.4;100.3
1899;8;18;63.9
1899;9;13;125.7
1899;10;8.5;102.2
1899;11;3.9;18.5
1899;12;-2.2;82.8
1900;1;1.2;113.2
1900;2;2.9;69.4
1900;3;0.6;65.3
1900;4;7.1;77.7
1900;5;11.1;147.8
1900;6;17;70.2
1900;7;18.3;267.1
1900;8;15.7;141.6
1900;9;14.9;55.3
1900;10;8.9;71.4
1900;11;4.8;75.5
1900;12;2;49.1
1901;1;-1.5;33.3
1901;2;-4.1;29.7
1901;3;2.5;89.1
1901;4;8.2;204.7
1901;5;13;34
1901;6;16.3;160.7
1901;7;17.9;145
1901;8;16.1;155.4
1901;9;13.5;171
1901;10;8.1;53.1
1901;11;1.4;39.4
1901;12;0.5;55.4
1902;1;0.6;33.6
1902;2;-0.3;88.9
1902;3;3.7;101.2
1902;4;10.2;74.5
1902;5;8.2;175.9
1902;6;14.8;102
1902;7;17.6;126.5
1902;8;15.9;140
1902;9;12.9;121.9
1902;10;7.7;163
1902;11;2.6;25.6
1902;12;-0.8;82
1903;1;-0.8;44.2
1903;2;1.6;46.7
1903;3;5.4;60.3
1903;4;5.2;61.7
1903;5;12.7;60.7
1903;6;14.1;176.9
1903;7;15.9;196.3
1903;8;16.2;138.3
1903;9;13.1;73.3
1903;10;9;128.4
1903;11;4.1;114.4
1903;12;-1;35.4
1904;1;-1.8;32.2
1904;2;1.7;115.2
1904;3;3.8;39
1904;4;9.7;109.9
1904;5;13.4;139.4
1904;6;16.5;168
1904;7;19.6;34.4
1904;8;17.4;103
1904;9;11.6;124.9
1904;10;8.6;69.1
1904;11;2.4;48.4
1904;12;1;48.8
1905;1;-2.9;35.6
1905;2;0.7;40.8
1905;3;4.7;100.9
1905;4;8.3;125.6
1905;5;10.9;137.5
1905;6;16.4;156.1
1905;7;19.6;125.4
1905;8;16.6;271.6
1905;9;13.5;161.9
1905;10;4.2;133.4
1905;11;3.1;72
1905;12;0;48.1
1906;1;0;52
1906;2;-0.2;48.3
1906;3;2.7;77.7
1906;4;7.5;60.7
1906;5;12.6;127
1906;6;15.1;168.7
1906;7;17.5;169.4
1906;8;17.4;91.3
1906;9;12.2;51.5
1906;10;10;47.8
1906;11;4.4;63.4
1906;12;-1.9;109.3
1907;1;-1.8;71.6
1907;2;-2.3;50
1907;3;2.2;70.9
1907;4;6.5;128.1
1907;5;12.9;76.5
1907;6;15.4;185.1
1907;7;15.3;134.9
1907;8;17.1;117.6
1907;9;13.2;75.4
1907;10;9.2;89.7
1907;11;4.3;21.9
1907;12;2.3;105.7
1908;1;-3;43.9
1908;2;0.5;69.5
1908;3;2.8;38.6
1908;4;6.1;76.7
1908;5;14.1;132.9
1908;6;17.8;81.5
1908;7;16.8;213.1
1908;8;15.3;82.9
1908;9;12.1;155.2
1908;10;7.9;7.6
1908;11;2;57.8
1908;12;-0.1;43.9
1909;1;-2.6;29.5
1909;2;-1.6;8.9
1909;3;1.5;67.1
1909;4;9.5;67
1909;5;11.7;70.5
1909;6;14.1;211.1
1909;7;15.1;197.9
1909;8;16.1;130.7
1909;9;12.4;102.5
1909;10;9.5;79.3
1909;11;2.1;52.2
1909;12;1.9;120.6
1910;1;0.4;170.5
1910;2;1;79.6
1910;3;3.9;41
1910;4;7.6;109.6
1910;5;11.1;156.9
1910;6;16.1;185.8
1910;7;15.4;166.5
1910;8;16;246.1
1910;9;10.9;173.7
1910;10;9.4;48.6
1910;11;2.8;192.7
1910;12;2.1;79
1911;1;-3.6;33.2
1911;2;0.5;39.6
1911;3;4;84.8
1911;4;7.2;67.8
1911;5;12.8;143
1911;6;15.4;191.4
1911;7;20.2;43.5
1911;8;19.8;88.6
1911;9;15;125.8
1911;10;8.3;62
1911;11;4.9;60
1911;12;2.6;79.7
1912;1;0.7;45.8
1912;2;3.4;70.3
1912;3;6.6;57.2
1912;4;7.4;64.3
1912;5;13.3;141.1
1912;6;15.7;262.1
1912;7;16.6;140
1912;8;13.8;205.7
1912;9;8.4;70.7
1912;10;6.6;155.8
1912;11;1.5;43.1
1912;12;0.7;43.9
1913;1;1;51.1
1913;2;0.3;24.7
1913;3;5.6;100.1
1913;4;7.8;98.3
1913;5;12.4;93.9
1913;6;15;197.5
1913;7;14.6;151.2
1913;8;15.5;147.1
1913;9;12.4;88
1913;10;9.1;23.9
1913;11;6.7;113.5
1913;12;1;73.2
1914;1;-3.8;85.8
1914;2;1.4;35.8
1914;3;5;120.6
1914;4;10.4;58.5
1914;5;10.6;219.9
1914;6;14.1;147.5
1914;7;15.9;227.9
1914;8;16.6;183.2
1914;9;12.6;92.5
1914;10;7.9;49.5
1914;11;2.8;57.2
1914;12;2.4;44.2
1915;1;0.4;66
1915;2;0.5;53
1915;3;2.6;105.3
1915;4;6.7;96.2
1915;5;14.6;87.6
1915;6;17.7;113.5
1915;7;16.5;184.6
1915;8;15.4;139.1
1915;9;11.1;111.4
1915;10;6.2;28.6
1915;11;1.5;43.5
1915;12;3.4;88.9
1916;1;3.1;60.5
1916;2;2.2;88.2
1916;3;4.1;87.9
1916;4;8.2;62.9
1916;5;13.2;108.8
1916;6;13.3;195.4
1916;7;16.5;170.8
1916;8;16.2;90.9
1916;9;11.1;121.2
1916;10;8.2;115.4
1916;11;3.8;89.6
1916;12;1.4;102.1
1917;1;-1.6;31.1
1917;2;-1.8;14.6
1917;3;1.6;85.6
1917;4;5;70.2
1917;5;15.8;72.9
1917;6;18.2;164.2
1917;7;17.1;180
1917;8;16.2;211.5
1917;9;15.1;86.3
1917;10;7;142
1917;11;3.6;68.3
1917;12;-3.8;18.2
1918;1;-1;58.3
1918;2;0.4;37.9
1918;3;3.8;33.6
1918;4;8.3;118.4
1918;5;14.3;58.3
1918;6;13.6;182.2
1918;7;17.6;99
1918;8;16.6;113.2
1918;9;13;199.9
1918;10;6.9;76.5
1918;11;3.4;31.4
1918;12;3.4;167.6
1919;1;0.7;30.6
1919;2;-0.5;88.5
1919;3;3.9;170.9
1919;4;5.2;130.1
1919;5;12.2;48.1
1919;6;16;144.9
1919;7;14.4;239.7
1919;8;18.4;36.4
1919;9;15.3;45.8
1919;10;5.2;89.2
1919;11;2.2;75
1919;12;2;93.9
1920;1;3.1;72.3
1920;2;2.6;7.5
1920;3;6;59.1
1920;4;8.7;93.7
1920;5;14.6;193.5
1920;6;15.2;126.5
1920;7;17.1;113.6
1920;8;14.7;132.5
1920;9;13.1;105.5
1920;10;8.1;5.5
1920;11;2;8.5
1920;12;0.5;41.1
1921;1;4.3;27.2
1921;2;1;8.6
1921;3;5.7;44.3
1921;4;7.3;87
1921;5;13.5;110.1
1921;6;15.8;135.9
1921;7;19.6;67.3
1921;8;16.8;128.1
1921;9;14.4;134.3
1921;10;10.7;35.7
1921;11;0.9;86.3
1921;12;1.1;42.2
1922;1;-0.2;110.1
1922;2;0.6;51.3
1922;3;4.6;83.8
1922;4;6;171.1
1922;5;14.6;56.8
1922;6;16.2;163
1922;7;15.9;204.1
1922;8;16;191.8
1922;9;10.8;128.5
1922;10;6.5;157.2
1922;11;2.3;115.9
1922;12;0.6;67.6
1923;1;0.1;61.5
1923;2;3.7;74.1
1923;3;5;48.6
1923;4;8;112.5
1923;5;12.5;137.8
1923;6;12.2;152.9
1923;7;19.8;78.5
1923;8;17.2;87.6
1923;9;12.9;91.9
1923;10;10.2;91
1923;11;3.3;148.8
1923;12;1;90.4
1924;1;-1.4;40.2
1924;2;-1.7;25.4
1924;3;3.5;47.7
1924;4;8.3;71.6
1924;5;13.7;124.4
1924;6;15.2;220.5
1924;7;16.9;188.4
1924;8;13.5;198.1
1924;9;13.1;89
1924;10;8.8;102.7
1924;11;3.6;4.9
1924;12;0.3;32.8
1925;1;1.7;42.1
1925;2;3.4;97
1925;3;1.4;58.8
1925;4;8.5;112.3
1925;5;12.6;88.9
1925;6;16.1;120.3
1925;7;16.6;166.3
1925;8;16;180.9
1925;9;10.7;154.4
1925;10;8.8;21.6
1925;11;2.3;54
1925;12;0.7;80.4
1926;1;0.3;74.1
1926;2;5;34.9
1926;3;4.9;66.7
1926;4;9.8;40.3
1926;5;10.7;149.3
1926;6;13;254.5
1926;7;16.3;228.8
1926;8;16.3;87.4
1926;9;15;79.1
1926;10;8.7;108.1
1926;11;5;40.9
1926;12;-0.5;36.6
1927;1;1;71.1
1927;2;0.2;88.2
1927;3;5.2;115.6
1927;4;8.7;138.9
1927;5;13.5;101.2
1927;6;15.4;201
1927;7;17.4;187.4
1927;8;15.6;272.1
1927;9;13.4;128
1927;10;8.2;16.4
1927;11;3.9;52
1927;12;-0.4;43.7
1928;1;2.4;55.5
1928;2;3.2;49.4
1928;3;4.7;73.5
1928;4;8.1;112.1
1928;5;10.3;124.2
1928;6;15.8;114.8
1928;7;20.2;89
1928;8;17.7;151.2
1928;9;12.7;121.5
1928;10;8.3;78.3
1928;11;5.4;102.6
1928;12;0.4;65.1
1929;1;-4.2;56.8
1929;2;-6.7;41.9
1929;3;3.7;32.5
1929;4;5.8;147
1929;5;12.9;57.7
1929;6;16.5;103.5
1929;7;18.3;105.6
1929;8;16.4;146.8
1929;9;15.9;84.1
1929;10;8.9;129.7
1929;11;4.3;64.8
1929;12;3.2;119
1930;1;1.8;36.7
1930;2;0.2;24.1
1930;3;5.2;88.6
1930;4;9;181.5
1930;5;11.2;187.3
1930;6;18.4;123.6
1930;7;16.1;225.4
1930;8;16.3;140.1
1930;9;13.9;111
1930;10;8.3;144.6
1930;11;6.7;111
1930;12;1.5;64.7
1931;1;0.3;91
1931;2;-0.7;117
1931;3;0.8;150
1931;4;7.5;53.6
1931;5;14.8;101.4
1931;6;17.8;134.2
1931;7;16.7;230.8
1931;8;15;195.6
1931;9;9.4;92.2
1931;10;7.4;53.8
1931;11;5.1;24.5
1931;12;-0.5;47.6
1932;1;0;74.8
1932;2;-3.4;17.8
1932;3;1.9;91.3
1932;4;7.1;93.1
1932;5;11.7;172.5
1932;6;14.4;200.3
1932;7;16.4;218.9
1932;8;19;95.9
1932;9;16.2;63.3
1932;10;8.8;101.6
1932;11;4.9;40.8
1932;12;0.2;21
1933;1;-2.5;39.9
1933;2;0.6;77
1933;3;5.1;42.6
1933;4;8.9;85.5
1933;5;11.2;186.8
1933;6;13.3;206.1
1933;7;18.3;144.6
1933;8;17.9;66.8
1933;9;13.6;107.4
1933;10;9.1;115.4
1933;11;3.1;76.7
1933;12;-4;18.7
1934;1;-0.5;82.4
1934;2;-0.3;7.4
1934;3;4.1;61
1934;4;11.1;31.1
1934;5;14.5;73.4
1934;6;16.1;194.9
1934;7;18.5;130.5
1934;8;16;153.3
1934;9;15;116.5
1934;10;8.6;80.5
1934;11;2.4;42.2
1934;12;3.9;63.5
1935;1;-1.7;63.8
1935;2;2.2;60.2
1935;3;3.2;73.1
1935;4;7.5;123
1935;5;10.6;161.5
1935;6;17.6;86.6
1935;7;18.7;145.3
1935;8;15.7;178.5
1935;9;13.8;60.4
1935;10;8.4;222.8
1935;11;4.7;42.8
1935;12;-0.9;123.4
1936;1;3.7;66.7
1936;2;1.4;83.9
1936;3;6.2;41.6
1936;4;7.8;140
1936;5;12.9;113
1936;6;15.2;173
1936;7;16.4;260.3
1936;8;16.1;138.9
1936;9;13.4;176.1
1936;10;5.8;74.5
1936;11;4.3;52.6
1936;12;1.6;49.4
1937;1;1.1;49.1
1937;2;3.6;96.7
1937;3;3.2;119.2
1937;4;8.3;82.7
1937;5;14.6;147.4
1937;6;16.7;169.4
1937;7;17.6;85.4
1937;8;16.6;147
1937;9;12.3;135.7
1937;10;8.5;79.4
1937;11;3.3;56.7
1937;12;-0.3;67
1938;1;1.2;85.5
1938;2;0.2;39.6
1938;3;7.3;36.3
1938;4;5.6;30.6
1938;5;10.6;126.7
1938;6;16.8;144.9
1938;7;16.6;219.7
1938;8;16.4;217.1
1938;9;13.7;96.1
1938;10;8.5;53.5
1938;11;5.7;25.5
1938;12;-1.8;69.8
1939;1;1.5;51.6
1939;2;1.5;21
1939;3;2.1;97.1
1939;4;9.9;51.1
1939;5;9.2;228
1939;6;15.8;127.5
1939;7;16.3;155.9
1939;8;16.7;146.8
1939;9;12.3;98.6
1939;10;7.4;214.7
1939;11;6;95.5
1939;12;-0.7;68.8
1940;1;-5.3;102.2
1940;2;-0.1;77.7
1940;3;4.6;74.7
1940;4;8.9;106.1
1940;5;12.2;200.5
1940;6;15.4;114.5
1940;7;15.9;228.4
1940;8;15.4;124.7
1940;9;13.2;246.7
1940;10;7.7;75.4
1940;11;4.7;131.6
1940;12;-3.4;45.4
1941;1;-2.9;42.6
1941;2;1.1;61.6
1941;3;4.8;49.6
1941;4;6.5;81
1941;5;9;167
1941;6;16.6;126.5
1941;7;18.7;174.3
1941;8;15.5;206.3
1941;9;12.3;37.3
1941;10;7.4;103.4
1941;11;2.8;53
1941;12;0.2;32.9
1942;1;-4.7;84.9
1942;2;-3.4;30.2
1942;3;4.4;49.3
1942;4;8.6;50.9
1942;5;12.8;128.2
1942;6;15.9;138.2
1942;7;17.4;97.4
1942;8;16.8;160.9
1942;9;15.1;72.4
1942;10;11;97.7
1942;11;2.3;44.2
1942;12;0.7;24.5
1943;1;-0.1;71.8
1943;2;2.3;41.1
1943;3;6.2;63
1943;4;10.1;61.6
1943;5;13.9;80.1
1943;6;14.9;152.4
1943;7;17.8;152.3
1943;8;18.9;75.2
1943;9;14.1;115.9
1943;10;10.2;1
1943;11;3.1;53.5
1943;12;0.8;25.4
1944;1;1.6;48.1
1944;2;-1.9;142.6
1944;3;1.2;65.4
1944;4;10.2;64.2
1944;5;12.6;47.4
1944;6;14.7;184.6
1944;7;17.4;112.4
1944;8;19.7;261.5
1944;9;12.7;124.4
1944;10;7.8;85.1
1944;11;4;170
1944;12;-0.3;55.9
1945;1;-5.3;62
1945;2;3.7;52.9
1945;3;6.1;92.5
1945;4;10.3;88.6
1945;5;15.1;104.2
1945;6;18.1;103.3
1945;7;18.7;88.1
1945;8;16.3;204.9
1945;9;14;244.5
1945;10;8.4;41.5
1945;11;2.2;45.7
1945;12;0.9;82.5
1946;1;-1.7;22.8
1946;2;4.1;75.1
1946;3;5.7;35.6
1946;4;11;47.6
1946;5;13.9;162.2
1946;6;15;227.7
1946;7;18.1;231.1
1946;8;16.5;199
1946;9;14;101.2
1946;10;7.7;69.8
1946;11;3.4;26.4
1946;12;-1;38
1947;1;-3;79.6
1947;2;-1.9;43.6
1947;3;4.9;80.3
1947;4;11.5;31.7
1947;5;14.8;88.7
1947;6;18.2;106.4
1947;7;19.7;79.1
1947;8;19.5;135.5
1947;9;16;49.4
1947;10;8.8;35.8
1947;11;6.4;151.2
1947;12;2;96.9
1948;1;3.7;129.8
1948;2;2;64.3
1948;3;7.9;20
1948;4;9.5;59
1948;5;14.2;58.2
1948;6;15.5;172.2
1948;7;14.8;219.6
1948;8;16.6;138.2
1948;9;13.2;103.3
1948;10;9.3;41.6
1948;11;4.1;48.5
1948;12;0.2;26.1
1949;1;0.2;59
1949;2;1.1;23.1
1949;3;3.1;70
1949;4;11.6;104.5
1949;5;11.3;95.1
1949;6;16.1;79.5
1949;7;19.5;44.1
1949;8;17.8;88.8
1949;9;16.6;91.7
1949;10;10.9;33.5
1949;11;3.9;61.7
1949;12;3;79.9
1950;1;-0.1;60.4
1950;2;3.5;65.3
1950;3;5.4;33.4
1950;4;7.4;134.2
1950;5;14.5;151
1950;6;18.5;145.9
1950;7;20.1;111.9
1950;8;17.3;182.6
1950;9;13.1;148.6
1950;10;8.5;27.4
1950;11;4.3;206.6
1950;12;-1.7;53.1
1951;1;1.4;47.1
1951;2;2.6;90.2
1951;3;3.7;97.5
1951;4;8.4;78.1
1951;5;12.1;109.6
1951;6;15.5;183.6
1951;7;17.9;224.4
1951;8;16.7;145.4
1951;9;14.4;123.5
1951;10;7.4;61.2
1951;11;5.9;99.4
1951;12;0;58.9
1952;1;-0.5;79.2
1952;2;-0.9;88.3
1952;3;5.6;81.5
1952;4;10.5;77.4
1952;5;14;71.7
1952;6;17.1;156.7
1952;7;20.2;79.1
1952;8;18.1;141.9
1952;9;11;117.9
1952;10;8.2;138.5
1952;11;3.3;138.4
1952;12;0.7;124.4
1953;1;-2.3;48
1953;2;0;16.2
1953;3;5.5;25.9
1953;4;9.7;133
1953;5;14.5;120.3
1953;6;14.6;248.2
1953;7;17.9;216.4
1953;8;17.1;113.4
1953;9;14.2;102.9
1953;10;9.6;39.9
1953;11;2.7;32.3
1953;12;1.7;43.6
1954;1;-2;75.6
1954;2;-1;76
1954;3;6.2;18
1954;4;6.4;85.9
1954;5;11.6;164
1954;6;15.8;122.7
1954;7;15.5;121.8
1954;8;15.3;209.7
1954;9;14.1;211
1954;10;9.1;72.3
1954;11;5;45.5
1954;12;3.5;80
1955;1;0.5;110.7
1955;2;1.4;103.5
1955;3;2.6;58.6
1955;4;8.9;49.6
1955;5;12.1;156.7
1955;6;15.8;138.9
1955;7;17;295.6
1955;8;16;188.9
1955;9;13;106.5
1955;10;7.6;53.5
1955;11;2.9;10.2
1955;12;4.1;83.2
1956;1;2.6;88.2
1956;2;-8.3;15.6
1956;3;4.6;24.1
1956;4;6.8;144.3
1956;5;12.9;139.7
1956;6;13.4;99.9
1956;7;16.8;218.5
1956;8;15;233.6
1956;9;14.5;93.4
1956;10;7.3;120.7
1956;11;2.3;32.3
1956;12;0.9;21.6
1957;1;-1.5;30
1957;2;4.5;102.4
1957;3;8.4;64.5
1957;4;8.2;85.4
1957;5;9.5;114.9
1957;6;16.2;172.9
1957;7;17.4;224.3
1957;8;15.9;140.2
1957;9;12.7;121.5
1957;10;8.2;18.4
1957;11;4.1;23.9
1957;12;0.5;36
1958;1;0;66.3
1958;2;3.8;64.4
1958;3;0.9;89.8
1958;4;5.8;123.1
1958;5;14.7;68.4
1958;6;15.2;168.8
1958;7;17.7;175.4
1958;8;17.5;204.7
1958;9;15.3;105.4
1958;10;8.2;131.4
1958;11;4.2;75.6
1958;12;2.6;52.2
1959;1;0.1;81.6
1959;2;1.4;4.9
1959;3;7.1;87.1
1959;4;9.7;115.2
1959;5;13.6;56.2
1959;6;15.9;207.7
1959;7;19.4;125.2
1959;8;16.3;108
1959;9;14.4;38.9
1959;10;8.1;114.6
1959;11;2.1;48.9
1959;12;2.6;91.3
1960;1;-0.6;68.3
1960;2;2.2;77.5
1960;3;6.1;47.1
1960;4;8.3;77
1960;5;13.8;130.3
1960;6;16.4;230.7
1960;7;15.4;198.4
1960;8;16.2;221.7
1960;9;11.9;161.4
1960;10;8.2;110.6
1960;11;6.2;115.2
1960;12;0.7;49.7
1961;1;0.2;61.4
1961;2;5.2;50.1
1961;3;6.5;44.4
1961;4;11.1;113.4
1961;5;11;172.2
1961;6;16.2;119.6
1961;7;16.6;157.6
1961;8;16.5;131.6
1961;9;17.3;37.8
1961;10;9.9;38.1
1961;11;4;26.8
1961;12;1.6;77
1962;1;1.3;145.8
1962;2;0.8;42.6
1962;3;1.6;75.5
1962;4;8.9;55.8
1962;5;10.6;207.6
1962;6;14.9;81.6
1962;7;16.7;136
1962;8;18.2;155.5
1962;9;13.2;89.9
1962;10;8.9;25.3
1962;11;2.3;34.9
1962;12;-2.4;92.1
1963;1;-6;95.8
1963;2;-3.9;59.8
1963;3;2.9;116.8
1963;4;9.3;85.6
1963;5;11.5;159.2
1963;6;15.3;196
1963;7;18.2;171.6
1963;8;15.7;148.6
1963;9;13.8;81.7
1963;10;8.8;73.6
1963;11;7.1;103.1
1963;12;-2.6;5.8
1964;1;-2.4;17
1964;2;2.3;48
1964;3;2.7;153.4
1964;4;9.7;96.3
1964;5;14.2;167
1964;6;17;135.3
1964;7;19.4;58.2
1964;8;16.1;157.2
1964;9;14;73.5
1964;10;7.6;67.2
1964;11;5.6;81
1964;12;-0.5;43.5
1965;1;1;93.8
1965;2;-2.7;41
1965;3;4;77.3
1965;4;6.9;198.5
1965;5;11.6;215.3
1965;6;15.9;168.7
1965;7;15.8;228.1
1965;8;15.6;123.8
1965;9;11.7;144.8
1965;10;8;16.1
1965;11;3.7;172.8
1965;12;3;141.2
1966;1;-1.8;41.6
1966;2;5.5;116.8
1966;3;3.9;70.4
1966;4;10.1;120.4
1966;5;13.1;94.3
1966;6;16.9;122.6
1966;7;15.6;188
1966;8;15;225.8
1966;9;14.7;47.7
1966;10;11.5;59.1
1966;11;2;112
1966;12;2;88.8
1967;1;0.1;96.4
1967;2;2.8;50.7
1967;3;5.9;113.3
1967;4;7.2;47.8
1967;5;12.2;142.7
1967;6;14.5;164.9
1967;7;19.6;96.5
1967;8;17;99.4
1967;9;13;170.6
1967;10;11.4;61.5
1967;11;4.5;46.8
1967;12;-0.8;74.2
1968;1;-0.4;121.8
1968;2;2;79.3
1968;3;5.2;38.1
1968;4;9.6;105
1968;5;11.9;127.4
1968;6;15.5;106
1968;7;16.7;115.7
1968;8;15.2;236.1
1968;9;12.8;184.4
1968;10;10.6;23.4
1968;11;4.2;67.4
1968;12;-0.6;77.9
1969;1;0.2;46.5
1969;2;-0.7;61.9
1969;3;4.1;46.7
1969;4;7.9;77.3
1969;5;13.8;81.9
1969;6;13.4;218.2
1969;7;18.5;152.8
1969;8;16;230.3
1969;9;14.3;63.5
1969;10;9.2;23.9
1969;11;4.7;98.2
1969;12;-3.2;64.7
1970;1;-0.9;54.8
1970;2;1.4;168.7
1970;3;2;96.3
1970;4;6.2;147
1970;5;11.4;97.6
1970;6;16.8;227.3
1970;7;17.1;101.3
1970;8;16.8;260.4
1970;9;14.3;55.9
1970;10;7.6;56.3
1970;11;5.1;66.4
1970;12;-1.1;57.4
1971;1;-2.3;25.3
1971;2;-0.2;58.9
1971;3;0.6;67.1
1971;4;10.8;64.9
1971;5;14.1;89.5
1971;6;13.9;244.7
1971;7;18.9;78.3
1971;8;17.9;220.2
1971;9;13;98.3
1971;10;9.5;64.7
1971;11;3;105.1
1971;12;0.8;45.9
1972;1;0;14.1
1972;2;2.8;22.3
1972;3;6.6;11.8
1972;4;7.3;123
1972;5;11.6;112
1972;6;14.4;181.1
1972;7;16.7;236.8
1972;8;15.9;139.7
1972;9;10.6;48.6
1972;10;6.9;52
1972;11;4.1;299.6
1972;12;-0.8;19.3
1973;1;-0.4;39
1973;2;0.2;52.7
1973;3;3.1;28.2
1973;4;5.4;94.2
1973;5;14;94.1
1973;6;16.1;233.5
1973;7;17.2;239.4
1973;8;19;165.1
1973;9;14.6;87.9
1973;10;7.6;125.5
1973;11;3.6;56.4
1973;12;0.4;46
1974;1;2.4;57.6
1974;2;2.9;86.4
1974;3;6.6;38.7
1974;4;8.5;63.8
1974;5;11.8;139
1974;6;14.6;139.5
1974;7;17.3;157.9
1974;8;18;196.1
1974;9;13.3;89.4
1974;10;5.2;140.5
1974;11;4.1;102.3
1974;12;4;70.2
1975;1;3.1;47.1
1975;2;1.6;33.9
1975;3;3.7;85
1975;4;7.9;81.5
1975;5;12.7;120.1
1975;6;14.1;182.9
1975;7;17.7;157.4
1975;8;17.6;308.2
1975;9;15.8;108.8
1975;10;7.7;78.7
1975;11;4.6;99
1975;12;-0.5;12.1
1976;1;1.6;35.7
1976;2;0.9;24.4
1976;3;3.8;25.6
1976;4;8;96.8
1976;5;13.9;111.8
1976;6;18.5;60.5
1976;7;19.1;318
1976;8;15.8;76.8
1976;9;12.3;91.7
1976;10;10.3;65.6
1976;11;4.5;71.2
1976;12;-1.1;100.9
1977;1;0.3;69
1977;2;4.8;111.2
1977;3;7.4;87.9
1977;4;6.3;196.2
1977;5;11.9;91.2
1977;6;15.3;142.3
1977;7;17.1;207
1977;8;15.7;116.9
1977;9;12.3;41.2
1977;10;10;83.7
1977;11;5.2;85.2
1977;12;1.3;87.4
1978;1;0.3;54.2
1978;2;-0.1;116.1
1978;3;5.1;121
1978;4;7.4;67.7
1978;5;11;170.4
1978;6;14.3;186.2
1978;7;16.5;113.4
1978;8;15.8;222.5
1978;9;13.2;89.7
1978;10;8.1;85.2
1978;11;3.1;32.2
1978;12;1.7;77.6
1979;1;-2.2;88.6
1979;2;2.2;70.2
1979;3;5.2;123.2
1979;4;6.5;113.5
1979;5;12.5;66
1979;6;15.8;297.2
1979;7;17.5;89.6
1979;8;15.7;167.7
1979;9;13.7;138.8
1979;10;9.9;119.4
1979;11;3.7;139.9
1979;12;3.3;128.5
1980;1;-1;109.6
1980;2;3.8;55
1980;3;5.3;84
1980;4;6.8;114.3
1980;5;11.2;95.7
1980;6;14.4;158.8
1980;7;15.3;148.6
1980;8;18.2;78.1
1980;9;14.8;75.8
1980;10;8.4;188.3
1980;11;2.7;50.6
1980;12;-0.6;46
1981;1;-1.1;104
1981;2;-1;28.4
1981;3;7.2;116.1
1981;4;9.7;45.3
1981;5;12.3;103.9
1981;6;16;126.7
1981;7;16.4;284.1
1981;8;17.6;84.3
1981;9;14.1;230.1
1981;10;9.2;160.5
1981;11;4.1;43.2
1981;12;0.8;173.9
1982;1;0.6;116
1982;2;0.7;49.6
1982;3;3.8;73
1982;4;7.3;92.8
1982;5;13;92.5
1982;6;16.9;213.5
1982;7;19.2;193.1
1982;8;16.7;171.4
1982;9;15.8;100.2
1982;10;9.5;83.4
1982;11;5.6;45.8
1982;12;2.7;116.1
1983;1;2.5;67
1983;2;-1;55.1
1983;3;5.5;62
1983;4;9.3;87.5
1983;5;11;185.3
1983;6;17;121.8
1983;7;22.2;18.9
1983;8;18.1;145.5
1983;9;14.6;122.4
1983;10;9.8;59.4
1983;11;3.6;76.4
1983;12;0.8;46.5
1984;1;0.9;81.5
1984;2;0.3;61.1
1984;3;2.6;32
1984;4;7.4;55.8
1984;5;10.3;148.4
1984;6;15.5;91.5
1984;7;18.3;78
1984;8;17.1;163.4
1984;9;13.1;211.2
1984;10;9.9;52.9
1984;11;5.5;63.4
1984;12;1.5;74.7
1985;1;-5.1;91.2
1985;2;-0.9;74.4
1985;3;3.2;63.2
1985;4;8.6;83.3
1985;5;12.8;166.3
1985;6;14.8;193.4
1985;7;19.6;86.6
1985;8;17.2;145
1985;9;15.3;73
1985;10;9.9;8.1
1985;11;1.5;130.4
1985;12;2.4;55.9
1986;1;0.9;106.2
1986;2;-4.4;48.1
1986;3;3.3;78.8
1986;4;6.5;154.4
1986;5;14.7;221
1986;6;16.4;148.9
1986;7;18;133.7
1986;8;17.6;138.1
1986;9;14.1;39.2
1986;10;11.1;73.8
1986;11;4.8;72.6
1986;12;1.9;67.7
1987;1;-3.5;75.7
1987;2;0.8;85.2
1987;3;1.3;77.2
1987;4;9.5;113.9
1987;5;10.2;169.7
1987;6;14.5;214.2
1987;7;18.5;158
1987;8;17.6;118.2
1987;9;16.7;130
1987;10;11;34.8
1987;11;5.6;80.3
1987;12;2.5;47.7
1988;1;3.2;62.7
1988;2;2.2;77.1
1988;3;4.4;158.6
1988;4;9.7;89.8
1988;5;14.7;132.6
1988;6;16.1;174.5
1988;7;18.6;130.8
1988;8;18.2;132.1
1988;9;14.5;62.5
1988;10;11;121
1988;11;3;69.9
1988;12;3.1;101.6
1989;1;0.9;12.1
1989;2;3.1;41.6
1989;3;8.3;56.4
1989;4;8.1;143.6
1989;5;14.8;57.9
1989;6;15.7;93.3
1989;7;19;219.2
1989;8;17.8;199.4
1989;9;14.2;105.6
1989;10;9.9;91.4
1989;11;3.2;41.8
1989;12;2.2;33.9
1990;1;0.3;23.4
1990;2;6.1;84.3
1990;3;7;93.1
1990;4;7.5;76.4
1990;5;14.8;185.7
1990;6;15.5;193.3
1990;7;18.8;97
1990;8;19;77.2
1990;9;14.1;123.1
1990;10;11.4;136.8
1990;11;4.8;158.3
1990;12;0.1;45.4
1991;1;1;54.8
1991;2;-1;25.2
1991;3;7.4;64.1
1991;4;7.7;77.7
1991;5;10.1;162.2
1991;6;15.2;209.6
1991;7;20.1;147.4
1991;8;19.7;32.3
1991;9;16.6;77.7
1991;10;8.6;45.6
1991;11;3.9;114.4
1991;12;0.2;52.8
1992;1;-1.1;18.1
1992;2;1.4;68.9
1992;3;6.2;104.2
1992;4;8.5;84.2
1992;5;15.2;63.5
1992;6;16.2;164.7
1992;7;19.2;145.6
1992;8;20.4;173.9
1992;9;14.5;80.2
1992;10;8.5;165.1
1992;11;6.6;151.1
1992;12;1.4;89.5
1993;1;2.7;39.9
1993;2;0.1;12.4
1993;3;4.3;59.3
1993;4;10.5;91.1
1993;5;14.9;103.7
1993;6;17.4;187.2
1993;7;17.4;319.7
1993;8;18.2;151.3
1993;9;13.7;139.8
1993;10;8.8;102.7
1993;11;2.4;58.9
1993;12;4.1;115
1994;1;2.9;93.8
1994;2;2.6;34.9
1994;3;9.5;62
1994;4;7.7;113.7
1994;5;13.7;218.9
1994;6;17.3;155.7
1994;7;21.3;102
1994;8;19.6;174.1
1994;9;14.4;132.3
1994;10;9.3;80.8
1994;11;8.3;41.3
1994;12;3.6;114.4
1995;1;0.5;79.4
1995;2;5;119
1995;3;3.8;122.6
1995;4;9.4;105.5
1995;5;13.4;153.6
1995;6;14.9;173.9
1995;7;20.9;112.7
1995;8;18.1;180.3
1995;9;12.6;144
1995;10;13;1.6
1995;11;4.2;92.9
1995;12;0.5;206.2
1996;1;0.2;7.6
1996;2;-0.5;69.2
1996;3;3.5;76.3
1996;4;9.6;70.7
1996;5;12.7;202.3
1996;6;17.5;86.2
1996;7;17.7;147.1
1996;8;17.2;221.4
1996;9;11.4;66.3
1996;10;9.5;135.5
1996;11;4.9;130
1996;12;0.2;51.8
1997;1;-1;27.2
1997;2;3.9;74.5
1997;3;7.4;44.5
1997;4;8.2;100.7
1997;5;13.8;63.1
1997;6;16;278.8
1997;7;17.3;282.7
1997;8;19.6;116
1997;9;15.4;72.3
1997;10;9.3;60.1
1997;11;4.6;26.7
1997;12;2.7;100.2
1998;1;1.7;57.3
1998;2;3;33.9
1998;3;5.4;86.8
1998;4;9.1;67.2
1998;5;15.2;61.3
1998;6;17.7;151.4
1998;7;19.1;156.5
1998;8;18.9;77.2
1998;9;14.1;173.4
1998;10;10.4;108.5
1998;11;2.5;103.7
1998;12;0.5;29.2
1999;1;1.4;56.5
1999;2;-0.5;132.3
1999;3;6.1;43.1
1999;4;9;177.4
1999;5;15.3;287.1
1999;6;15.9;206.1
1999;7;19.3;93
1999;8;18.3;171.3
1999;9;16.8;124.2
1999;10;9.9;43
1999;11;2.4;119.1
1999;12;1.5;156.2
2000;1;0.1;22
2000;2;3.9;93.4
2000;3;6.3;83
2000;4;10.4;49.3
2000;5;15.4;101.8
2000;6;18.4;128.4
2000;7;16.5;272.6
2000;8;19.2;204.5
2000;9;15.3;129.8
2000;10;10.3;89.1
2000;11;5.5;80.2
2000;12;3.6;25.9
2001;1;1.7;97.7
2001;2;3.5;32.6
2001;3;7.5;190.5
2001;4;7.3;186.5
2001;5;15.8;102.3
2001;6;15.8;268.1
2001;7;19.2;156.3
2001;8;19.5;208.4
2001;9;12;186.3
2001;10;12.8;85.7
2001;11;3.5;83.9
2001;12;0.6;36.8
2002;1;0.6;10.1
2002;2;5.5;108.7
2002;3;7.3;53.1
2002;4;9.3;86.1
2002;5;13.3;166.2
2002;6;19.4;261.5
2002;7;18.6;210.9
2002;8;17.8;179.6
2002;9;13.1;181.4
2002;10;10.1;101.3
2002;11;6.3;194.1
2002;12;3.9;69.5
2003;1;0.6;53.5
2003;2;-1.3;34.1
2003;3;7.2;69.5
2003;4;9.6;79.9
2003;5;14.9;141.3
2003;6;22.2;163
2003;7;20.4;137.7
2003;8;22.7;67.5
2003;9;15;55.8
2003;10;7.2;146.2
2003;11;5.2;78
2003;12;1;37.1
2004;1;1.6;107
2004;2;1.8;43.7
2004;3;4.4;100.4
2004;4;9.7;115.9
2004;5;12.4;144.2
2004;6;16.7;201
2004;7;18.4;133.1
2004;8;19.1;121.4
2004;9;15.7;86.7
2004;10;11.8;87.4
2004;11;4.6;25.8
2004;12;1;38.8
2005;1;0;46.1
2005;2;-1.1;46.2
2005;3;5.6;51.9
2005;4;9.8;159.4
2005;5;14.2;122.3
2005;6;18.9;100.5
2005;7;18.9;181.5
2005;8;16.5;325
2005;9;15.9;87.8
2005;10;10.9;77.7
2005;11;4.2;36.4
2005;12;0.1;32.1
2006;1;-1.5;13.6
2006;2;0.8;41.6
2006;3;3.7;151.9
2006;4;9;209.9
2006;5;13.8;221
2006;6;18.2;84.1
2006;7;22.8;67.8
2006;8;15.4;247.9
2006;9;17.2;136
2006;10;12.8;48
2006;11;6.6;42.7
2006;12;2.2;71.7
2007;1;4;47.2
2007;2;4.3;61.9
2007;3;5.9;104
2007;4;13.7;20.1
2007;5;15.2;202.8
2007;6;17.5;209.1
2007;7;18.1;246.3
2007;8;17.5;242.2
2007;9;13.7;87.7
2007;10;9.9;45.4
2007;11;3.4;50.7
2007;12;1.4;84.4
2008;1;2.3;48.7
2008;2;2.9;52.3
2008;3;5.5;68.7
2008;4;8.5;145.1
2008;5;15.8;20.4
2008;6;17.7;140.8
2008;7;18.8;229
2008;8;18.1;205.1
2008;9;13.1;196
2008;10;10.2;112.8
2008;11;4.5;34.3
2008;12;0.9;56.9
2009;1;-1.3;34
2009;2;0.7;58.3
2009;3;4.8;76.9
2009;4;12;27.7
2009;5;16;76.7
2009;6;16.9;215.6
2009;7;19.1;193.8
2009;8;20.1;134.3
2009;9;16;42.8
2009;10;9.8;83.5
2009;11;6.9;125.4
2009;12;1.1;117.1
2010;1;-1.3;47.2
2010;2;1.1;39.7
2010;3;5;43.2
2010;4;10.4;26.3
2010;5;12.3;178.7
2010;6;17.3;148.2
2010;7;20.3;256.5
2010;8;17.6;242.8
2010;9;13.7;158.9
2010;10;9.2;69.6
2010;11;5.4;43.9
2010;12;-0.9;121.2
2011;1;1.3;62.4
2011;2;2.7;45.7
2011;3;6.5;48.1
2011;4;12.8;26
2011;5;15.5;171.7
2011;6;17.1;113
2011;7;17;169.4
2011;8;19.7;131.7
2011;9;16.7;124.7
2011;10;9.8;88.5
2011;11;5.2;0
2011;12;3.8;139.6
2012;1;2.7;75.2
2012;2;-2.9;12.4
2012;3;7.6;44.3
2012;4;9.4;101.5
2012;5;14.8;111.6
2012;6;18.2;151.6
2012;7;18.7;86.8
2012;8;19.9;251.6
2012;9;14.6;110.8
2012;10;10;134
2012;11;5.9;115.9
2012;12;1.7;110.2
2013;1;1;72.4
2013;2;-0.6;78
2013;3;3.3;70.5
2013;4;9.5;83.4
2013;5;11.7;201
2013;6;16.6;109.1
2013;7;20.9;103.8
2013;8;19;112.3
2013;9;15.2;133.7
2013;10;11.9;95.9
2013;11;4.7;120.3
2013;12;1.1;32
2014;1;3;54.5
2014;2;4.2;73.4
2014;3;7.3;37.4
2014;4;11.4;130.2
2014;5;13.2;148.8
2014;6;18.3;165.9
2014;7;18.2;276.8
2014;8;16.9;217
2014;9;15.7;66.3
2014;10;12.7;102.5
2014;11;6.9;89.4
2014;12;2.9;56
2015;1;2.1;92.5
2015;2;0.1;33.4
2015;3;6.6;71
2015;4;10.5;113.4
2015;5;14.5;218.6
2015;6;18.7;180.5
2015;7;22.6;74.7
2015;8;20.4;100.5
2015;9;13.5;54.6
2015;10;9.6;67.1
2015;11;7.2;79.6
2015;12;3.5;37.5
2016;1;3.1;91.5
2016;2;4.3;104.4
2016;3;5.2;40.6
2016;4;9.6;159.2
2016;5;13.2;270.5
2016;6;17;208.8
2016;7;20.1;176.2
2016;8;19.1;128.9
2016;9;16.8;78.3
2016;10;8.9;89.4
2016;11;5.2;74.1
2016;12;0.9;0.9
2017;1;-2.2;76
2017;2;3.8;83.9
2017;3;8.8;92.9
2017;4;9.3;140.3
2017;5;15;112.6
2017;6;20.2;102.7
2017;7;19.6;135.3
2017;8;19.6;152.2
2017;9;13.3;89.2
2017;10;11.2;54.9
2017;11;4.8;95.3
2017;12;1.6;109.6
2018;1;5.2;107
2018;2;-0.6;78.2
2018;3;4;92
2018;4;13.3;39
2018;5;15.6;134.5
2018;6;19.2;78
2018;7;21.6;61.2
2018;8;20.9;152.7
2018;9;16.6;138.3
2018;10;11.1;52.9
2018;11;6.1;15.4
2018;12;4.1;112.6
2019;1;0.7;43.1
2019;2;3.3;55.1
2019;3;7.4;43.2
2019;4;9.5;78.7
2019;5;11.4;164
2019;6;20.1;74.9
2019;7;21.3;147.1
2019;8;19.2;158.1
2019;9;15.6;78.7
2019;10;12.1;151.7
2019;11;5.8;84.5
2019;12;4.1;52.4
2020;1;2.2;37.9
2020;2;6.4;92
2020;3;6.1;66.6
2020;4;12.9;29.6
2020;5;14.4;135.5
2020;6;16.9;218
2020;7;20.1;142.8
2020;8;19.6;218.6
2020;9;16.4;43.2
2020;10;9.8;118.8
2020;11;5.9;30
2020;12;2.3;93.2
2021;1;1.2;118.9
2021;2;3.6;49.6
2021;3;5.7;69.4
2021;4;8.4;66.5
2021;5;11.3;175.2
2021;6;19.2;173.1
2021;7;18.3;319.5
2021;8;17.7;141.3
2021;9;16.4;70
2021;10;9.4;46.9
2021;11;4.4;33.9
2021;12;2.5;105.1
2022;1;1.5;39.7
2022;2;4.6;72.9
2022;3;7.1;27.2
2022;4;9.7;77.2
2022;5;16.4;84.7
2022;6;19.8;169.2
